ID,Name,PhotoUrl
128200597,Oscar Simpson,https://randomuser.me/api/portraits/men/38.jpg
636503127,Eileen Mitchelle,https://randomuser.me/api/portraits/women/47.jpg
239410585,Jeff Carpenter,https://randomuser.me/api/portraits/men/23.jpg
574526207,Brittany Sanders,https://randomuser.me/api/portraits/women/95.jpg
350019779,Lydia Willis,https://randomuser.me/api/portraits/women/92.jpg
322800858,Kenzi Hoffman,https://randomuser.me/api/portraits/women/34.jpg
364493029,Willard Curtis,https://randomuser.me/api/portraits/men/92.jpg
137795182,Taylor Hill,https://randomuser.me/api/portraits/women/93.jpg
874920990,Judith Fernandez,https://randomuser.me/api/portraits/women/84.jpg
277294710,Juanita Arnold,https://randomuser.me/api/portraits/women/53.jpg
